CITY,Total_sale
"San Jose",14083
Nashua,12536
Madrid,12001
Madrid,11888
Strasbourg,11740
"San Rafael",11624
NYC,11279
Singapore,10994
Kobenhavn,10469
Versailles,10173
"New Bedford",10067
Nantes,10040
Melbourne,9774
Paris,9720
"San Jose",9661
Brickhaven,9631
Paris,9559
Madrid,9534
"San Rafael",9471
Melbourne,9265
Brickhaven,9246
Brickhaven,9240
Salzburg,9240
Madrid,9218
"San Rafael",9169
"Reggio Emilia",9160
Strasbourg,9048
Paris,8977
Koln,8941
"San Rafael",8936
Lille,8893
"New Haven",8888
Pasadena,8885
Stavern,8844
Singapore,8755
Kobenhavn,8690
Bridgewater,8678
Lyon,8603
Singapore,8595
Madrid,8498
"North Sydney",8470
Brisbane,8449
"Glen Waverly",8427
Torino,8412
"Reggio Emilia",8379
Madrid,8379
Kobenhavn,8375
"North Sydney",8345
Pasadena,8340
Bridgewater,8337
Toulouse,8332
Madrid,8291
Strasbourg,8289
Reims,8284
Dublin,8258
Philadelphia,8257
Torino,8253
Bridgewater,8237
Paris,8209
NYC,8209
"San Jose",8160
NYC,8139
Salzburg,8119
"San Rafael",8078
"San Rafael",8023
"South Brisbane",8015
Torino,8015
"San Rafael",8009
Aaarhus,7975
Madrid,7969
Allentown,7962
Chatswood,7956
Helsinki,7947
NYC,7901
"New Bedford",7886
"Reggio Emilia",7872
"San Rafael",7827
Salzburg,7738
Salzburg,7696
Allentown,7667
Marseille,7650
"White Plains",7620
Marseille,7600
Strasbourg,7597
"San Rafael",7555
Newark,7552
Newark,7544
Madrid,7516
Paris,7499
Madrid,7492
"Reggio Emilia",7474
Paris,7461
Cambridge,7456
Nashua,7421
"San Rafael",7397
NYC,7397
NYC,7381
Sevilla,7381
Philadelphia,7380
Burlingame,7374
NYC,7366
"San Diego",7344
Madrid,7329
"San Jose",7307
Frankfurt,7301
Lyon,7290
Helsinki,7265
Frankfurt,7238
"New Haven",7232
Kobenhavn,7208
NYC,7207
"San Jose",7182
Madrid,7182
Dublin,7181
Kobenhavn,7169
"New Bedford",7154
NYC,7147
NYC,7141
Madrid,7133
Allentown,7119
Oulu,7111
Madrid,7111
Newark,7084
Oulu,7083
Madrid,7083
Newark,7078
"San Rafael",7071
Boston,7060
"San Jose",7048
Madrid,7037
Paris,7024
NYC,7024
Allentown,7021
Singapore,7020
Lyon,7018
Frankfurt,7016
Madrid,6996
NYC,6960
"San Diego",6954
Madrid,6952
Madrid,6950
Koln,6935
"New Bedford",6931
Salzburg,6916
Aaarhus,6914
Nantes,6902
Bridgewater,6897
"New Haven",6894
Madrid,6869
Cambridge,6864
"San Rafael",6863
Strasbourg,6853
Madrid,6847
Melbourne,6834
NYC,6832
Singapore,6826
Boston,6819
"South Brisbane",6817
"San Rafael",6800
"San Rafael",6763
Gensve,6762
Paris,6750
Lille,6748
Brickhaven,6724
NYC,6720
Madrid,6713
"San Rafael",6696
Helsinki,6683
Cambridge,6681
Boston,6658
Madrid,6568
Graz,6563
Kobenhavn,6554
Madrid,6549
Melbourne,6548
Singapore,6541
Singapore,6539
Helsinki,6531
Gensve,6499
Madrid,6491
Toulouse,6491
Cambridge,6485
Melbourne,6483
Barcelona,6483
Singapore,6467
Cambridge,6463
Melbourne,6454
"White Plains",6445
Allentown,6437
Bridgewater,6434
Philadelphia,6434
"San Jose",6434
Burlingame,6434
NYC,6433
"San Rafael",6426
Gensve,6408
"Las Vegas",6401
Versailles,6396
Aaarhus,6394
Madrid,6387
"San Jose",6386
Nantes,6379
Madrid,6377
Paris,6373
Reims,6359
Madrid,6358
Nantes,6353
Kobenhavn,6351
Kobenhavn,6341
"San Rafael",6336
Nashua,6319
Madrid,6311
NYC,6296
Melbourne,6276
NYC,6268
Koln,6266
"San Rafael",6244
Philadelphia,6242
Koln,6232
"Glen Waverly",6209
"Reggio Emilia",6203
Frankfurt,6203
Aaarhus,6186
NYC,6182
NYC,6176
Madrid,6168
Philadelphia,6164
Boston,6154
Aaarhus,6154
Boston,6147
Aaarhus,6145
Chatswood,6135
"New Haven",6120
"San Rafael",6109
Boston,6107
Madrid,6090
Lille,6088
Madrid,6083
Burbank,6075
NYC,6066
"San Jose",6056
Singapore,6034
"San Rafael",6034
"San Rafael",6032
Bridgewater,6023
Nashua,6000
"San Diego",5998
Singapore,5984
Sevilla,5984
Madrid,5981
Paris,5972
Madrid,5967
"San Rafael",5960
Madrid,5958
"New Bedford",5951
Madrid,5951
Madrid,5950
Singapore,5938
Stavern,5933
Salzburg,5927
"New Haven",5920
Singapore,5912
Brisbane,5908
Helsinki,5895
Nantes,5895
NYC,5890
Madrid,5887
Melbourne,5885
Singapore,5875
NYC,5868
Madrid,5857
Gensve,5853
Reims,5849
"North Sydney",5849
Paris,5834
"San Jose",5820
Allentown,5818
Boston,5808
"New Bedford",5803
Nashua,5797
Sevilla,5796
"San Rafael",5781
Paris,5778
Aaarhus,5776
Kobenhavn,5775
Allentown,5773
Lyon,5761
Versailles,5759
Newark,5757
Boston,5753
Burlingame,5748
NYC,5736
NYC,5724
"San Rafael",5721
Philadelphia,5715
Brickhaven,5714
"San Rafael",5704
"New Bedford",5700
Singapore,5698
Paris,5693
"San Rafael",5692
Madrid,5685
NYC,5679
Munich,5677
Paris,5674
Madrid,5670
"Reggio Emilia",5643
Lyon,5615
"San Rafael",5614
"San Rafael",5605
Cambridge,5600
"New Bedford",5598
"South Brisbane",5592
Koln,5590
Salzburg,5589
Madrid,5581
Lyon,5579
NYC,5569
Allentown,5566
Nashua,5566
Lille,5565
Singapore,5559
Madrid,5554
Reims,5552
"North Sydney",5549
"San Rafael",5546
Chatswood,5546
Madrid,5544
Aaarhus,5544
"Reggio Emilia",5532
Frankfurt,5522
Nantes,5511
Burbank,5510
Madrid,5498
Koln,5498
Marseille,5495
Bridgewater,5493
"San Rafael",5492
Bridgewater,5465
Graz,5465
Brickhaven,5465
Madrid,5456
Helsinki,5456
Cambridge,5438
"San Rafael",5434
"San Rafael",5433
Melbourne,5422
"North Sydney",5419
Madrid,5418
Oulu,5413
Nantes,5407
Stavern,5405
Madrid,5400
Stavern,5398
Madrid,5394
Cambridge,5393
Toulouse,5387
Chatswood,5383
NYC,5380
Stavern,5377
Brisbane,5375
Philadelphia,5373
Koln,5357
Lille,5355
Madrid,5348
Singapore,5344
Madrid,5341
Nashua,5341
Nantes,5332
Stavern,5326
Barcelona,5324
Nantes,5318
Allentown,5305
Madrid,5303
Madrid,5303
Chatswood,5296
"South Brisbane",5288
Singapore,5286
Burbank,5285
Chatswood,5284
Bergamo,5279
Madrid,5279
Toulouse,5275
"San Rafael",5274
NYC,5266
Gensve,5260
"New Bedford",5248
Allentown,5247
Torino,5240
NYC,5233
NYC,5223
Nantes,5209
Madrid,5208
"Las Vegas",5203
Salzburg,5203
"Reggio Emilia",5197
Madrid,5196
Pasadena,5193
Toulouse,5193
Madrid,5191
Stavern,5190
Singapore,5190
Helsinki,5182
Brickhaven,5182
Pasadena,5176
Brickhaven,5171
Paris,5168
Nantes,5161
"White Plains",5161
"San Rafael",5161
Burbank,5152
Nashua,5151
"White Plains",5128
Madrid,5127
Madrid,5127
Torino,5126
Reims,5124
NYC,5111
Burlingame,5105
Oulu,5099
"New Bedford",5097
"San Rafael",5094
Barcelona,5090
NYC,5082
"San Rafael",5080
Madrid,5070
Gensve,5053
Dublin,5045
Glendale,5044
Bergamo,5036
"Reggio Emilia",5035
Philadelphia,5035
Singapore,5033
Dublin,5033
Melbourne,5030
Philadelphia,5027
"North Sydney",5020
Pasadena,5018
Madrid,5018
Melbourne,5014
Graz,5013
Salzburg,5005
Marseille,5005
Chatswood,5002
"North Sydney",4998
Newark,4993
NYC,4991
"San Rafael",4986
"New Bedford",4984
NYC,4983
Chatswood,4977
Nashua,4966
Bridgewater,4965
Madrid,4954
Brisbane,4950
Sevilla,4948
Melbourne,4948
Madrid,4947
Torino,4946
Brickhaven,4935
Lyon,4934
Madrid,4932
"San Rafael",4917
"North Sydney",4910
Madrid,4910
Chatswood,4905
Madrid,4904
NYC,4901
Reims,4897
"San Rafael",4895
Madrid,4894
Brisbane,4892
"San Rafael",4891
"San Rafael",4885
Singapore,4880
Singapore,4873
Allentown,4873
Boston,4872
NYC,4860
Philadelphia,4849
Burlingame,4846
Madrid,4841
Madrid,4837
Burlingame,4830
Barcelona,4826
Newark,4819
Cambridge,4816
Paris,4815
Melbourne,4815
Melbourne,4814
"San Rafael",4814
"Reggio Emilia",4813
Reims,4812
Pasadena,4808
NYC,4808
Madrid,4802
"San Rafael",4797
Stavern,4792
Nashua,4784
Kobenhavn,4782
Chatswood,4775
Bergamo,4775
Cambridge,4773
Paris,4772
"Reggio Emilia",4765
Reims,4764
Paris,4758
Gensve,4756
Koln,4753
Torino,4751
"San Rafael",4746
"San Rafael",4739
Frankfurt,4737
"San Rafael",4729
Melbourne,4725
"New Haven",4720
"San Rafael",4716
Dublin,4714
Paris,4708
"San Rafael",4705
Pasadena,4704
Nantes,4702
Lille,4696
Brickhaven,4693
Nantes,4693
Madrid,4685
Salzburg,4682
"San Rafael",4675
Salzburg,4675
"Las Vegas",4668
Singapore,4667
Singapore,4662
Stavern,4660
Melbourne,4652
NYC,4646
"Glen Waverly",4643
Cambridge,4641
Singapore,4641
"North Sydney",4639
"San Diego",4636
"New Haven",4629
Oulu,4628
Paris,4619
Cambridge,4618
Madrid,4616
Versailles,4614
Madrid,4610
Burlingame,4608
Sevilla,4607
Burlingame,4601
Madrid,4597
Madrid,4595
Salzburg,4595
"San Rafael",4593
"New Haven",4592
Brickhaven,4581
"White Plains",4570
Kobenhavn,4566
Gensve,4564
Madrid,4557
Singapore,4556
Burbank,4556
NYC,4555
Gensve,4550
"New Haven",4537
Madrid,4536
Barcelona,4535
Gensve,4529
NYC,4529
Burlingame,4528
NYC,4527
Helsinki,4526
"South Brisbane",4524
"San Rafael",4522
Gensve,4518
Sevilla,4516
Brickhaven,4515
Pasadena,4512
Strasbourg,4509
Singapore,4509
Versailles,4508
NYC,4498
Bergamo,4493
Madrid,4492
"New Bedford",4490
"South Brisbane",4480
Oulu,4480
Nantes,4473
Bridgewater,4472
"Reggio Emilia",4468
Salzburg,4464
Paris,4462
Stavern,4461
"San Rafael",4457
Torino,4455
Lyon,4447
"North Sydney",4445
Glendale,4445
Strasbourg,4442
Philadelphia,4433
"Las Vegas",4432
Melbourne,4428
Madrid,4428
Glendale,4428
"San Jose",4421
"San Diego",4420
Sevilla,4410
NYC,4409
Madrid,4408
"San Jose",4407
Madrid,4406
Brickhaven,4405
Barcelona,4399
NYC,4396
NYC,4395
Stavern,4394
"North Sydney",4392
Graz,4391
Helsinki,4382
Reims,4380
Philadelphia,4379
NYC,4369
"San Rafael",4365
Allentown,4358
Madrid,4358
Helsinki,4353
"Reggio Emilia",4352
Reims,4347
Lyon,4340
Kobenhavn,4330
"South Brisbane",4329
Madrid,4327
Nantes,4325
"Las Vegas",4324
"San Rafael",4311
Gensve,4311
Bridgewater,4308
Paris,4305
Brickhaven,4305
Chatswood,4302
"San Rafael",4301
Reims,4301
Lyon,4301
Gensve,4300
Gensve,4297
Munich,4297
Singapore,4285
Allentown,4283
Chatswood,4277
Madrid,4273
Lyon,4264
Lyon,4262
Nashua,4258
NYC,4257
Madrid,4253
NYC,4248
Torino,4242
NYC,4242
Koln,4238
Madrid,4236
Stavern,4235
"New Bedford",4233
"North Sydney",4232
Brisbane,4231
Stavern,4228
"San Rafael",4224
"San Rafael",4223
Salzburg,4221
Newark,4219
Barcelona,4219
Reims,4215
Nantes,4215
Versailles,4208
Aaarhus,4207
Boston,4206
Madrid,4204
"South Brisbane",4197
Paris,4197
Pasadena,4196
NYC,4193
Allentown,4191
"San Diego",4187
Madrid,4187
Burlingame,4183
Burlingame,4181
"San Rafael",4181
Madrid,4180
Nantes,4177
Singapore,4176
"San Rafael",4175
"San Rafael",4173
Philadelphia,4171
NYC,4170
Philadelphia,4167
"Reggio Emilia",4166
Paris,4164
Chatswood,4164
"San Diego",4161
NYC,4157
Helsinki,4157
Bergamo,4157
Madrid,4149
Madrid,4144
Lyon,4143
Madrid,4142
Madrid,4141
Salzburg,4136
"New Haven",4134
Reims,4121
Pasadena,4119
"Las Vegas",4117
Burlingame,4115
Bergamo,4114
NYC,4112
"San Rafael",4107
Madrid,4103
Philadelphia,4103
Marseille,4101
Singapore,4100
Cambridge,4100
Chatswood,4095
Barcelona,4095
Glendale,4094
Nashua,4089
Madrid,4086
NYC,4081
Boston,4076
Bergamo,4072
"San Rafael",4072
Munich,4071
"Las Vegas",4069
Dublin,4062
Paris,4059
Madrid,4055
"New Bedford",4053
Chatswood,4048
Oulu,4046
"San Rafael",4044
"White Plains",4044
"North Sydney",4042
Paris,4040
Madrid,4039
"San Jose",4039
"New Bedford",4038
Barcelona,4036
Graz,4036
Singapore,4033
NYC,4032
Oulu,4026
Bergamo,4022
"White Plains",4009
Aaarhus,4000
Burbank,3990
Koln,3989
Glendale,3987
Bergamo,3987
Dublin,3986
Frankfurt,3985
Kobenhavn,3984
Dublin,3983
Oulu,3979
Frankfurt,3975
Madrid,3971
Madrid,3966
Melbourne,3966
Boston,3964
Madrid,3963
Brisbane,3958
Versailles,3958
Madrid,3953
"New Bedford",3953
Lyon,3950
"North Sydney",3949
"New Bedford",3946
Melbourne,3945
"San Rafael",3943
Barcelona,3940
Paris,3938
Boston,3937
Cambridge,3934
Chatswood,3934
Madrid,3930
"San Rafael",3929
Marseille,3928
Brickhaven,3925
"North Sydney",3921
Stavern,3920
"New Bedford",3919
Madrid,3919
Nashua,3918
Boston,3914
"North Sydney",3911
Barcelona,3910
Reims,3910
"San Jose",3909
Boston,3909
"Glen Waverly",3908
Pasadena,3902
Singapore,3901
NYC,3896
"San Diego",3892
Boston,3892
"New Bedford",3892
Paris,3884
"New Bedford",3884
"San Rafael",3881
Chatswood,3880
Burlingame,3877
Chatswood,3872
Nantes,3867
"North Sydney",3866
Lille,3864
Melbourne,3864
Frankfurt,3861
"San Diego",3859
Madrid,3858
Madrid,3857
Nantes,3857
Brickhaven,3854
NYC,3847
Madrid,3846
Nashua,3846
NYC,3845
Madrid,3844
"San Rafael",3843
Newark,3843
Koln,3841
Cambridge,3838
NYC,3837
"South Brisbane",3834
Salzburg,3833
NYC,3832
"San Rafael",3824
Singapore,3823
"San Rafael",3822
NYC,3820
Graz,3820
Bergamo,3815
Madrid,3815
"New Haven",3807
"San Rafael",3807
NYC,3803
Madrid,3802
Nantes,3793
"San Rafael",3792
NYC,3790
Toulouse,3790
Newark,3788
Frankfurt,3788
Strasbourg,3788
Frankfurt,3786
Frankfurt,3782
"San Rafael",3779
Helsinki,3778
Nantes,3778
Frankfurt,3773
Madrid,3773
"San Rafael",3765
Aaarhus,3765
Bergamo,3763
Madrid,3761
Nantes,3757
Burlingame,3756
"Las Vegas",3754
Singapore,3754
Pasadena,3751
Pasadena,3747
Paris,3745
Madrid,3736
Reims,3735
Oulu,3734
Allentown,3734
"New Bedford",3734
Glendale,3734
"San Jose",3729
Strasbourg,3726
"San Rafael",3724
Madrid,3722
Cambridge,3717
Helsinki,3715
Reims,3713
Lyon,3713
"San Rafael",3711
Chatswood,3711
Nashua,3711
Madrid,3705
Torino,3704
"San Diego",3703
"White Plains",3700
Marseille,3693
NYC,3685
Stavern,3680
Bridgewater,3677
Madrid,3676
"Glen Waverly",3675
Torino,3669
"Reggio Emilia",3668
Paris,3668
Lyon,3667
"White Plains",3666
Burlingame,3664
"San Rafael",3663
Burlingame,3661
Bergamo,3659
Newark,3659
Cambridge,3659
Philadelphia,3658
Singapore,3658
Madrid,3652
Toulouse,3645
Salzburg,3644
Madrid,3642
"North Sydney",3639
"New Bedford",3630
Paris,3630
"San Jose",3629
Gensve,3625
Helsinki,3623
Nantes,3619
Madrid,3617
"San Rafael",3612
Melbourne,3609
Brickhaven,3609
"White Plains",3608
NYC,3608
Madrid,3604
Nantes,3602
Madrid,3600
Melbourne,3600
Lyon,3599
Marseille,3598
"North Sydney",3598
Melbourne,3586
Salzburg,3584
Marseille,3583
"Reggio Emilia",3582
Versailles,3578
Madrid,3576
"San Rafael",3572
Paris,3570
Graz,3570
Lyon,3567
Madrid,3566
"New Haven",3565
"San Rafael",3561
"San Rafael",3560
Paris,3559
Nantes,3554
Singapore,3551
Madrid,3550
Nashua,3545
Helsinki,3544
Chatswood,3544
NYC,3543
Gensve,3541
Graz,3537
"San Rafael",3536
Versailles,3535
Boston,3534
Burbank,3532
"North Sydney",3528
Madrid,3527
Madrid,3526
Gensve,3525
Nashua,3525
Glendale,3524
Reims,3521
Madrid,3521
Gensve,3516
Glendale,3516
"San Rafael",3510
Bergamo,3509
Pasadena,3502
Nashua,3500
Sevilla,3496
Brickhaven,3495
NYC,3494
"White Plains",3494
Toulouse,3492
"San Rafael",3491
"San Rafael",3488
Helsinki,3482
Burlingame,3480
Madrid,3479
NYC,3478
Munich,3478
Brickhaven,3477
Paris,3476
Torino,3474
Boston,3474
Brickhaven,3473
"North Sydney",3470
Kobenhavn,3469
Madrid,3467
Madrid,3461
"San Rafael",3458
Madrid,3458
"New Bedford",3456
Bergamo,3453
"San Rafael",3451
"New Haven",3451
"San Rafael",3449
Koln,3448
Madrid,3448
NYC,3447
"New Bedford",3443
"New Bedford",3442
Madrid,3442
Madrid,3441
Kobenhavn,3440
Philadelphia,3433
Gensve,3432
Melbourne,3432
NYC,3432
Burlingame,3431
Toulouse,3431
Boston,3427
"New Bedford",3425
Lyon,3425
Brickhaven,3424
Bergamo,3421
Nantes,3420
Melbourne,3417
Madrid,3416
Koln,3416
"San Rafael",3415
Koln,3415
Cambridge,3407
Stavern,3403
Aaarhus,3403
NYC,3403
Oulu,3400
Stavern,3395
Madrid,3394
Helsinki,3393
Barcelona,3391
Madrid,3390
Nashua,3390
Bridgewater,3388
Chatswood,3386
Boston,3384
Kobenhavn,3382
Nantes,3381
Singapore,3380
Madrid,3377
"San Rafael",3376
Madrid,3375
Paris,3371
Salzburg,3368
"San Rafael",3366
Madrid,3361
Cambridge,3360
Madrid,3358
NYC,3358
Nantes,3357
Madrid,3353
"San Rafael",3351
Toulouse,3351
Bergamo,3349
Madrid,3348
"San Rafael",3345
Versailles,3343
Madrid,3341
Madrid,3340
NYC,3338
Singapore,3338
Lille,3337
Boston,3335
Boston,3331
NYC,3329
"San Diego",3328
Oulu,3328
"Las Vegas",3326
Philadelphia,3324
Paris,3318
NYC,3315
Bergamo,3313
Madrid,3311
Paris,3308
Salzburg,3307
"New Bedford",3305
Glendale,3302
Nashua,3301
Philadelphia,3299
Madrid,3298
Reims,3293
Toulouse,3293
Madrid,3290
Brickhaven,3289
Glendale,3288
"White Plains",3286
"San Jose",3282
Chatswood,3276
Oulu,3276
Paris,3274
Bergamo,3274
Salzburg,3273
Melbourne,3268
Barcelona,3267
Madrid,3266
NYC,3260
Philadelphia,3258
Bridgewater,3256
Boston,3255
Melbourne,3255
Pasadena,3251
Kobenhavn,3249
"San Diego",3247
"San Rafael",3246
NYC,3245
Burlingame,3244
"San Rafael",3242
Bergamo,3242
"San Rafael",3239
Madrid,3236
Gensve,3235
Burlingame,3233
"San Diego",3231
Brickhaven,3230
Madrid,3228
Stavern,3224
Nantes,3224
Lyon,3222
Paris,3222
Oulu,3220
"New Bedford",3211
Kobenhavn,3209
"New Bedford",3207
NYC,3206
Kobenhavn,3205
NYC,3204
Madrid,3200
Melbourne,3200
Graz,3195
Kobenhavn,3194
Newark,3193
Singapore,3191
Cambridge,3190
Newark,3189
Burlingame,3188
Aaarhus,3188
Chatswood,3186
Chatswood,3185
NYC,3185
Lyon,3185
Brickhaven,3184
"San Diego",3183
NYC,3183
Cambridge,3182
NYC,3180
Madrid,3178
Bergamo,3177
NYC,3176
Lyon,3172
"New Bedford",3171
NYC,3170
Salzburg,3170
Kobenhavn,3167
Philadelphia,3167
Madrid,3167
"San Rafael",3165
Nantes,3165
Kobenhavn,3164
Madrid,3164
Nantes,3164
NYC,3163
Melbourne,3161
"North Sydney",3160
"Las Vegas",3160
Philadelphia,3157
Brickhaven,3156
Glendale,3156
NYC,3155
NYC,3155
Cambridge,3155
Philadelphia,3154
Singapore,3149
Aaarhus,3148
Glendale,3146
Reims,3145
Lyon,3142
"Glen Waverly",3142
Paris,3142
Madrid,3140
"San Jose",3138
Philadelphia,3136
"San Rafael",3132
Burbank,3131
Madrid,3129
Singapore,3128
Koln,3128
Allentown,3116
"Reggio Emilia",3115
Lyon,3114
NYC,3114
Marseille,3112
"San Rafael",3108
"Glen Waverly",3107
"White Plains",3106
Paris,3106
Madrid,3104
Madrid,3102
Koln,3100
Pasadena,3099
Reims,3099
Brickhaven,3097
Chatswood,3095
Paris,3093
Pasadena,3092
Paris,3090
Madrid,3087
"Las Vegas",3081
Boston,3079
Philadelphia,3078
Cambridge,3078
Nantes,3074
Bergamo,3073
"San Rafael",3073
"San Rafael",3071
Madrid,3071
"Glen Waverly",3070
"San Rafael",3069
Oulu,3069
Salzburg,3067
Salzburg,3066
Kobenhavn,3065
Paris,3065
"San Jose",3064
"San Jose",3061
Singapore,3055
NYC,3054
Madrid,3053
Nashua,3052
Stavern,3052
"San Jose",3051
"San Rafael",3048
"New Haven",3043
Gensve,3043
Reims,3042
Gensve,3040
"White Plains",3038
NYC,3037
Oulu,3036
Madrid,3036
Pasadena,3033
Nantes,3029
Boston,3029
Singapore,3028
"San Diego",3025
Oulu,3024
Madrid,3023
Madrid,3021
Madrid,3019
"New Bedford",3014
"San Rafael",3012
Frankfurt,3012
Torino,3006
Madrid,3006
Madrid,3003
"San Jose",3002
Kobenhavn,3000
Melbourne,2998
Madrid,2995
Nantes,2994
Madrid,2992
"San Rafael",2986
Madrid,2986
"New Bedford",2985
Chatswood,2983
Boston,2981
Lille,2973
"White Plains",2971
"San Jose",2957
"San Diego",2956
NYC,2955
Torino,2955
Lyon,2954
Bergamo,2949
Madrid,2948
Torino,2942
Allentown,2938
Singapore,2937
Kobenhavn,2935
"Reggio Emilia",2935
"Reggio Emilia",2932
NYC,2930
Madrid,2928
Helsinki,2926
Paris,2925
"White Plains",2925
Madrid,2924
Madrid,2923
Madrid,2922
Madrid,2922
Melbourne,2921
"New Bedford",2920
Koln,2917
Burlingame,2916
"Reggio Emilia",2916
"San Diego",2914
Madrid,2914
"San Rafael",2913
NYC,2910
"South Brisbane",2909
Allentown,2908
Brickhaven,2907
"New Bedford",2906
Nantes,2904
Kobenhavn,2897
Madrid,2897
Salzburg,2896
Oulu,2884
Koln,2880
"Las Vegas",2877
NYC,2876
Stavern,2873
NYC,2871
Cambridge,2867
Madrid,2864
Nantes,2864
Gensve,2864
Dublin,2857
"New Haven",2856
"Las Vegas",2856
Madrid,2855
Philadelphia,2852
Burlingame,2852
Nashua,2852
"New Bedford",2851
Singapore,2851
Melbourne,2849
"San Rafael",2848
Oulu,2847
Gensve,2847
NYC,2846
NYC,2845
NYC,2844
Bridgewater,2844
Madrid,2839
"San Rafael",2839
Lyon,2837
Singapore,2835
"New Bedford",2832
Paris,2832
"San Jose",2832
Singapore,2830
Burlingame,2830
Bergamo,2828
Glendale,2826
"Reggio Emilia",2825
Koln,2820
Torino,2819
Lyon,2819
"North Sydney",2816
Burlingame,2814
Reims,2811
Frankfurt,2808
Bergamo,2807
Kobenhavn,2805
Singapore,2804
"San Jose",2803
"Reggio Emilia",2803
"South Brisbane",2802
Frankfurt,2801
Torino,2800
Madrid,2798
Reims,2798
Pasadena,2797
Madrid,2796
Madrid,2795
Melbourne,2794
Madrid,2794
"San Rafael",2793
Allentown,2793
Cambridge,2783
Glendale,2782
Madrid,2781
Singapore,2781
Allentown,2780
NYC,2771
"Glen Waverly",2770
Reims,2766
Boston,2765
Burlingame,2762
Strasbourg,2762
Bergamo,2762
Bergamo,2762
"San Jose",2761
Aaarhus,2760
Bergamo,2759
Pasadena,2759
Chatswood,2755
Pasadena,2753
Toulouse,2749
Madrid,2748
"San Jose",2748
Chatswood,2743
Madrid,2739
Cambridge,2733
Aaarhus,2732
Salzburg,2730
Paris,2730
"North Sydney",2730
Bergamo,2728
Singapore,2728
Chatswood,2725
NYC,2720
"San Diego",2719
"San Rafael",2714
Madrid,2712
Madrid,2712
Paris,2711
"San Rafael",2708
"North Sydney",2702
Madrid,2702
Oulu,2702
Oulu,2701
Madrid,2698
Pasadena,2697
Madrid,2695
"New Haven",2694
"San Rafael",2694
Philadelphia,2693
Aaarhus,2692
Graz,2692
Madrid,2691
"New Bedford",2688
Stavern,2688
Salzburg,2687
Gensve,2684
Lyon,2683
"Reggio Emilia",2681
Oulu,2677
Gensve,2675
Bergamo,2675
Melbourne,2675
"Reggio Emilia",2674
Madrid,2673
"North Sydney",2672
Madrid,2671
Nantes,2671
Madrid,2669
"San Jose",2669
"San Diego",2660
Brickhaven,2658
Barcelona,2658
Boston,2658
Melbourne,2657
"White Plains",2656
Philadelphia,2655
"San Rafael",2654
Stavern,2651
Madrid,2651
"San Rafael",2650
Sevilla,2647
"New Bedford",2644
Madrid,2642
Boston,2640
Newark,2637
Graz,2635
"Las Vegas",2635
Allentown,2634
Melbourne,2634
NYC,2633
"San Jose",2632
Versailles,2629
NYC,2627
Boston,2626
Paris,2626
Reims,2625
"San Rafael",2624
Nashua,2624
Lyon,2622
Madrid,2621
"Reggio Emilia",2621
Oulu,2618
Chatswood,2617
Bergamo,2617
Singapore,2616
Reims,2614
"New Bedford",2612
"New Bedford",2612
Madrid,2611
"Glen Waverly",2610
"San Diego",2609
"Las Vegas",2605
"San Rafael",2604
Brickhaven,2603
Reims,2603
"San Rafael",2602
Cambridge,2600
"San Rafael",2600
"North Sydney",2599
NYC,2599
Helsinki,2597
Paris,2592
NYC,2588
Helsinki,2587
Philadelphia,2587
Boston,2586
Melbourne,2585
Stavern,2584
Nashua,2583
Brickhaven,2579
Toulouse,2578
Boston,2576
"San Jose",2576
Nantes,2575
Madrid,2573
Bergamo,2571
NYC,2568
Chatswood,2568
"New Bedford",2560
NYC,2560
Pasadena,2560
Kobenhavn,2556
Boston,2545
Newark,2544
Nantes,2542
"San Rafael",2542
"Glen Waverly",2540
Stavern,2540
Barcelona,2539
Singapore,2538
Melbourne,2535
NYC,2534
NYC,2531
Nashua,2530
Madrid,2528
Bergamo,2527
"Reggio Emilia",2527
Madrid,2526
NYC,2525
Lille,2521
Graz,2521
Madrid,2515
Lille,2515
Helsinki,2513
Madrid,2513
Paris,2509
Strasbourg,2509
Koln,2505
Cambridge,2504
Oulu,2503
Brickhaven,2502
Salzburg,2499
Lille,2498
Gensve,2496
"Las Vegas",2493
Burlingame,2493
"Glen Waverly",2492
"San Rafael",2490
Barcelona,2488
Philadelphia,2488
Paris,2488
Madrid,2487
Madrid,2487
Stavern,2483
Allentown,2482
NYC,2482
Aaarhus,2482
Bergamo,2482
Melbourne,2480
Melbourne,2479
Bridgewater,2477
Melbourne,2475
Frankfurt,2473
"San Rafael",2473
"San Rafael",2471
Marseille,2469
"North Sydney",2468
"North Sydney",2465
"Reggio Emilia",2465
Madrid,2464
Melbourne,2461
Reims,2460
"Reggio Emilia",2457
"Glen Waverly",2455
"Reggio Emilia",2455
"New Bedford",2454
Madrid,2452
"Reggio Emilia",2449
Sevilla,2446
Salzburg,2444
Nantes,2443
Allentown,2443
Philadelphia,2441
Munich,2441
Versailles,2441
Boston,2440
Madrid,2440
Reims,2437
"San Rafael",2432
"San Rafael",2431
NYC,2428
Madrid,2428
"San Rafael",2424
Bridgewater,2422
Singapore,2420
"Glen Waverly",2420
Torino,2418
"North Sydney",2417
Brisbane,2415
Burbank,2413
Boston,2411
Boston,2409
Bergamo,2406
Allentown,2402
Madrid,2400
Nantes,2399
Madrid,2399
Madrid,2398
Strasbourg,2397
"San Rafael",2396
Oulu,2394
"New Haven",2390
Newark,2390
Singapore,2385
Singapore,2381
Nantes,2380
Nashua,2365
"San Jose",2363
"North Sydney",2356
Helsinki,2353
Nantes,2353
Brickhaven,2353
Boston,2353
Singapore,2351
Paris,2351
Glendale,2350
Madrid,2349
"Las Vegas",2349
Madrid,2345
Strasbourg,2342
"Glen Waverly",2341
Aaarhus,2340
NYC,2338
Aaarhus,2337
"San Rafael",2335
NYC,2333
Singapore,2329
Nashua,2329
Aaarhus,2327
NYC,2326
"Las Vegas",2326
"San Rafael",2324
"San Jose",2322
Allentown,2321
Marseille,2317
Cambridge,2316
Glendale,2316
Madrid,2315
Madrid,2314
Lyon,2314
Nantes,2312
Bridgewater,2311
Madrid,2310
Barcelona,2307
Toulouse,2302
NYC,2299
"North Sydney",2298
"North Sydney",2297
NYC,2297
Boston,2294
Munich,2293
Chatswood,2289
Madrid,2282
"North Sydney",2282
Burlingame,2282
Paris,2281
"San Diego",2280
"San Rafael",2280
"Glen Waverly",2279
Marseille,2276
NYC,2275
Madrid,2274
"North Sydney",2270
Madrid,2267
"San Rafael",2266
"North Sydney",2264
Cambridge,2263
"Las Vegas",2263
Madrid,2260
Nashua,2258
Madrid,2258
Allentown,2258
Sevilla,2256
"New Bedford",2255
Madrid,2255
Paris,2254
Nashua,2251
Nantes,2249
"San Rafael",2246
NYC,2246
"San Jose",2245
Singapore,2245
Madrid,2244
Stavern,2243
Frankfurt,2242
NYC,2241
Singapore,2241
"White Plains",2235
Dublin,2234
Chatswood,2234
Versailles,2233
Madrid,2232
Paris,2230
Nantes,2228
"New Bedford",2226
"White Plains",2225
Lille,2221
Graz,2219
Madrid,2218
"San Rafael",2217
NYC,2215
Allentown,2213
Madrid,2213
Glendale,2213
"San Rafael",2212
Melbourne,2209
Singapore,2208
Madrid,2207
Madrid,2205
Singapore,2204
"San Rafael",2204
Marseille,2203
Madrid,2202
Salzburg,2202
"San Rafael",2200
"South Brisbane",2194
Helsinki,2194
Cambridge,2193
"San Rafael",2191
Chatswood,2190
Burlingame,2187
Madrid,2185
Cambridge,2184
Singapore,2184
"San Rafael",2183
Madrid,2182
Helsinki,2182
"New Bedford",2181
Paris,2174
"San Jose",2174
Barcelona,2172
Brickhaven,2172
Koln,2171
Toulouse,2170
Reims,2168
Bridgewater,2167
Koln,2164
Madrid,2160
"San Rafael",2154
Nantes,2154
"New Bedford",2152
"San Rafael",2152
NYC,2150
Madrid,2150
Singapore,2148
"San Rafael",2147
Aaarhus,2145
"Las Vegas",2144
Lyon,2143
Nashua,2142
Brickhaven,2142
Marseille,2142
Torino,2137
Lyon,2136
"North Sydney",2131
"San Rafael",2131
Bergamo,2122
"New Bedford",2116
Toulouse,2116
Strasbourg,2115
Chatswood,2113
Bergamo,2112
Barcelona,2110
Singapore,2104
"Reggio Emilia",2101
Helsinki,2101
NYC,2100
Dublin,2096
Melbourne,2095
Strasbourg,2094
"Las Vegas",2094
"San Rafael",2091
NYC,2087
Torino,2085
Melbourne,2083
Burbank,2083
Melbourne,2082
Nantes,2082
Chatswood,2078
Madrid,2076
Sevilla,2071
NYC,2071
Dublin,2070
Marseille,2063
Kobenhavn,2063
Brickhaven,2057
Dublin,2056
NYC,2056
NYC,2055
NYC,2054
Madrid,2052
"White Plains",2051
Nantes,2046
Marseille,2043
Kobenhavn,2039
Kobenhavn,2034
Philadelphia,2034
Newark,2031
"San Rafael",2031
"New Bedford",2028
Paris,2028
Barcelona,2025
Reims,2023
Munich,2023
Kobenhavn,2023
Madrid,2019
Salzburg,2019
Newark,2018
Aaarhus,2014
Singapore,2012
Stavern,2011
Philadelphia,2011
Strasbourg,2010
Madrid,2009
Glendale,2008
"San Rafael",2008
Brickhaven,2005
Philadelphia,2001
Bridgewater,1998
Lille,1992
"San Rafael",1992
Toulouse,1988
"San Jose",1987
Newark,1980
Brickhaven,1979
Madrid,1972
Philadelphia,1972
Burlingame,1972
Lyon,1968
Salzburg,1968
Lille,1965
NYC,1964
Madrid,1962
Madrid,1962
Salzburg,1961
Lyon,1960
Oulu,1959
Boston,1959
Frankfurt,1956
Bridgewater,1952
Bergamo,1948
"San Diego",1943
Madrid,1942
NYC,1940
Koln,1939
Stavern,1939
"San Rafael",1934
Brisbane,1932
Toulouse,1930
NYC,1927
Torino,1922
"Reggio Emilia",1921
Lille,1919
"White Plains",1918
"New Bedford",1917
Salzburg,1917
Madrid,1911
Reims,1909
Oulu,1908
"Glen Waverly",1906
Nashua,1903
Reims,1902
Barcelona,1900
Helsinki,1900
Melbourne,1897
Nantes,1896
Glendale,1892
Oulu,1892
"New Bedford",1889
Paris,1888
Philadelphia,1884
Nantes,1884
"San Rafael",1880
Salzburg,1879
Brickhaven,1875
"New Bedford",1874
"San Jose",1869
"San Rafael",1865
Sevilla,1863
Munich,1863
Madrid,1863
Madrid,1861
Madrid,1860
NYC,1858
"Reggio Emilia",1857
Paris,1853
"New Bedford",1853
"New Bedford",1852
Madrid,1845
Cambridge,1844
Lyon,1836
"San Rafael",1834
Madrid,1834
Koln,1833
"White Plains",1831
"San Rafael",1828
"San Rafael",1827
Madrid,1824
Philadelphia,1823
Frankfurt,1822
"New Bedford",1822
Burbank,1820
Brisbane,1811
Bridgewater,1808
Madrid,1808
"White Plains",1804
"New Bedford",1804
Singapore,1802
Chatswood,1801
"San Rafael",1800
Reims,1796
Versailles,1795
Nantes,1791
Madrid,1789
Lyon,1788
"San Rafael",1788
"San Rafael",1786
Glendale,1780
Madrid,1780
Munich,1778
Newark,1774
"White Plains",1771
Madrid,1767
Philadelphia,1766
Bergamo,1766
Madrid,1765
Madrid,1758
NYC,1755
Singapore,1753
Aaarhus,1753
"San Rafael",1750
"New Bedford",1748
Melbourne,1747
Paris,1747
Brisbane,1747
Cambridge,1742
Madrid,1742
"San Rafael",1742
Marseille,1741
Paris,1738
Brickhaven,1736
"North Sydney",1735
Versailles,1734
Singapore,1734
"San Rafael",1732
Paris,1732
Singapore,1729
NYC,1729
Marseille,1726
"San Rafael",1725
Nantes,1725
"San Rafael",1718
Melbourne,1716
Glendale,1716
"Las Vegas",1714
Madrid,1711
Allentown,1711
Marseille,1707
"North Sydney",1707
Madrid,1706
Madrid,1704
"Las Vegas",1703
Madrid,1702
Burlingame,1701
NYC,1699
Munich,1697
Melbourne,1696
Lille,1695
"North Sydney",1694
Strasbourg,1691
Nashua,1689
Singapore,1688
Philadelphia,1687
Frankfurt,1685
"San Rafael",1685
Nantes,1682
Strasbourg,1681
"South Brisbane",1681
Versailles,1676
Madrid,1675
Allentown,1674
Munich,1672
Helsinki,1671
Helsinki,1670
Melbourne,1668
"North Sydney",1668
Nantes,1668
"San Rafael",1667
Madrid,1667
"San Rafael",1667
Dublin,1666
Brickhaven,1662
Brickhaven,1661
Stavern,1659
Bergamo,1658
Madrid,1658
Torino,1657
Marseille,1649
"New Bedford",1646
Pasadena,1646
NYC,1643
Madrid,1640
Bridgewater,1639
Paris,1638
"South Brisbane",1633
Bergamo,1631
Madrid,1630
Helsinki,1628
Oulu,1624
Reims,1623
Boston,1622
Oulu,1611
Reims,1611
Madrid,1611
Lille,1605
Madrid,1597
Paris,1593
"Reggio Emilia",1592
Madrid,1587
"San Rafael",1585
"Las Vegas",1585
Bergamo,1585
Philadelphia,1577
"San Rafael",1576
Melbourne,1576
Madrid,1575
Torino,1574
Madrid,1570
"San Rafael",1570
Bergamo,1566
Chatswood,1562
Paris,1560
Versailles,1559
Madrid,1559
"San Diego",1558
Torino,1557
Madrid,1557
NYC,1554
Nantes,1551
Koln,1550
Lille,1546
"North Sydney",1546
Aaarhus,1541
Salzburg,1540
Gensve,1538
Marseille,1537
NYC,1535
"North Sydney",1535
Madrid,1535
"Las Vegas",1529
Paris,1528
Cambridge,1518
NYC,1518
Madrid,1518
"Las Vegas",1517
Toulouse,1515
Madrid,1514
Cambridge,1511
Madrid,1508
NYC,1507
"North Sydney",1506
Bergamo,1504
Lyon,1504
Kobenhavn,1501
Singapore,1499
Brisbane,1497
Munich,1496
Bergamo,1495
Burlingame,1490
Pasadena,1490
NYC,1489
Barcelona,1487
Brickhaven,1486
Kobenhavn,1484
Reims,1483
"Reggio Emilia",1483
"San Jose",1480
Singapore,1477
Madrid,1476
Madrid,1476
Stavern,1475
NYC,1467
"San Rafael",1464
Pasadena,1463
Toulouse,1463
Salzburg,1460
Bergamo,1460
Dublin,1458
Melbourne,1455
Bridgewater,1454
Chatswood,1451
Madrid,1450
Aaarhus,1448
"North Sydney",1448
"San Rafael",1437
Gensve,1427
"Glen Waverly",1424
Chatswood,1424
Lyon,1424
Burbank,1423
Kobenhavn,1420
"San Diego",1416
"San Rafael",1409
"Reggio Emilia",1408
Frankfurt,1404
Madrid,1394
Madrid,1387
"White Plains",1385
Marseille,1384
Koln,1383
Torino,1381
Madrid,1376
"Reggio Emilia",1374
Reims,1367
NYC,1367
Madrid,1364
Gensve,1359
"San Rafael",1358
NYC,1358
Cambridge,1356
Madrid,1355
"Reggio Emilia",1352
"Reggio Emilia",1351
Madrid,1350
Salzburg,1349
Stavern,1346
Graz,1346
Brickhaven,1341
Singapore,1340
Madrid,1340
Paris,1338
NYC,1337
Sevilla,1336
Madrid,1331
Chatswood,1330
Chatswood,1330
"San Rafael",1329
"Las Vegas",1328
"San Rafael",1328
Madrid,1322
Melbourne,1321
Singapore,1311
Reims,1308
NYC,1296
Reims,1295
Allentown,1294
Singapore,1283
Philadelphia,1282
Pasadena,1268
Madrid,1266
"San Diego",1265
Graz,1263
Munich,1259
Burlingame,1255
"Glen Waverly",1255
NYC,1249
Boston,1247
"New Bedford",1246
"San Rafael",1245
"Glen Waverly",1244
Melbourne,1238
Brickhaven,1238
NYC,1237
"New Bedford",1230
Lyon,1227
Aaarhus,1227
"San Rafael",1225
Nashua,1225
Brickhaven,1225
NYC,1214
Chatswood,1211
Chatswood,1210
Barcelona,1210
Oulu,1209
Boston,1208
Marseille,1207
"Las Vegas",1206
Gensve,1205
NYC,1201
Madrid,1199
Brisbane,1195
Bridgewater,1193
Stavern,1190
Madrid,1189
Lyon,1185
"South Brisbane",1173
NYC,1172
Madrid,1164
Bergamo,1163
Lyon,1161
"San Rafael",1152
Kobenhavn,1146
Burlingame,1142
Philadelphia,1140
"San Rafael",1139
Newark,1135
"New Bedford",1134
"San Jose",1122
Burbank,1114
Bergamo,1113
Pasadena,1110
NYC,1108
Singapore,1107
"San Rafael",1105
Madrid,1105
"San Rafael",1094
Salzburg,1092
Chatswood,1089
"San Rafael",1085
Madrid,1082
Brickhaven,1067
Lille,1058
"San Jose",1057
Dublin,1056
NYC,1046
"North Sydney",1036
Singapore,1033
Singapore,1030
Nantes,1030
Helsinki,1014
Brisbane,1013
"Glen Waverly",1012
"Las Vegas",996
Madrid,991
Brickhaven,988
Cambridge,981
Reims,978
Bergamo,977
Boston,975
Philadelphia,974
"New Bedford",972
"San Rafael",972
Sevilla,965
Munich,949
Nantes,935
Philadelphia,931
Madrid,925
Nashua,918
Madrid,914
"White Plains",905
"Glen Waverly",903
Oulu,891
Glendale,876
"San Rafael",865
Singapore,859
Pasadena,857
Brisbane,847
Strasbourg,845
Pasadena,835
Paris,828
Madrid,820
Allentown,813
Singapore,786
Madrid,777
"Glen Waverly",759
Nantes,733
Madrid,728
Paris,721
"San Rafael",717
Marseille,704
Versailles,695
Madrid,684
Chatswood,652
Boston,652
Salzburg,640
Torino,578
"San Jose",541
Nantes,482
